{
    "new_alph_50" : {
        "a" : 0.03703703703703703703703703703704,
        "b" : 0.03703703703703703703703703703704,
        "c" : 0.03703703703703703703703703703704,
        "d" : 0.03703703703703703703703703703704,
        "e" : 0.03703703703703703703703703703704,
        "f" : 0.03703703703703703703703703703704,
        "g" : 0.03703703703703703703703703703704,
        "h" : 0.03703703703703703703703703703704,
        "i" : 0.03703703703703703703703703703704,
        "j" : 0.03703703703703703703703703703704,
        "k" : 0.03703703703703703703703703703704,
        "l" : 0.03703703703703703703703703703704,
        "m" : 0.03703703703703703703703703703704,
        "n" : 0.03703703703703703703703703703704,
        "o" : 0.03703703703703703703703703703704,
        "p" : 0.03703703703703703703703703703704,
        "q" : 0.03703703703703703703703703703704,
        "r" : 0.03703703703703703703703703703704,
        "s" : 0.03703703703703703703703703703704,
        "t" : 0.03703703703703703703703703703704,
        "u" : 0.03703703703703703703703703703704,
        "v" : 0.03703703703703703703703703703704,
        "w" : 0.03703703703703703703703703703704,
        "x" : 0.03703703703703703703703703703704,
        "y" : 0.03703703703703703703703703703704,
        " " : 0.03703703703703703703703703703704,
        "z" : 0.03703703703703703703703703703704
    }
}